close,high,low,open,symbol,volume,id,key,subkey,date,updated,changeOverTime,marketChangeOverTime,uOpen,uClose,uHigh,uLow,uVolume,fOpen,fClose,fHigh,fLow,fVolume,label,change,changePercent
729.77,744.4899,717.1895,719.46,TSLA,48638189,HISTORICAL_PRICES,TSLA,,2021-01-04,1609812025000,0,0,719.46,729.77,744.4899,717.1895,48638189,719.46,729.77,744.4899,717.1895,48638189,"Jan 4, 21",0,0
735.11,740.84,719.2,723.66,TSLA,32245165,HISTORICAL_PRICES,TSLA,,2021-01-05,1609897701000,0.007317373967140376,0.007317373967140376,723.66,735.11,740.84,719.2,32245165,723.66,735.11,740.84,719.2,32245165,"Jan 5, 21",5.340000000000032,0.0073
755.98,774,749.1,758.49,TSLA,44699965,HISTORICAL_PRICES,TSLA,,2021-01-06,1609984826000,0.03591542540800531,0.03591542540800531,758.49,755.98,774,749.1,44699965,758.49,755.98,774,749.1,44699965,"Jan 6, 21",20.870000000000005,0.0284
816.04,816.99,775.2,777.63,TSLA,51498948,HISTORICAL_PRICES,TSLA,,2021-01-07,1610072186000,0.11821532811707797,0.11821532811707797,777.63,816.04,816.99,775.2,51498948,777.63,816.04,816.99,775.2,51498948,"Jan 7, 21",60.059999999999945,0.0794
880.02,884.49,838.39,856,TSLA,75055528,HISTORICAL_PRICES,TSLA,,2021-01-08,1610158587000,0.2058867862477219,0.2058867862477219,856,880.02,884.49,838.39,75055528,856,880.02,884.49,838.39,75055528,"Jan 8, 21",63.98000000000002,0.0784
811.19,854.43,803.6222,849.4,TSLA,59554146,HISTORICAL_PRICES,TSLA,,2021-01-11,1610416109000,0.11156939857763415,0.11156939857763415,849.4,811.19,854.43,803.6222,59554146,849.4,811.19,854.43,803.6222,59554146,"Jan 11, 21",-68.82999999999993,-0.0782
849.44,868,827.34,831,TSLA,46270720,HISTORICAL_PRICES,TSLA,,2021-01-12,1610517807000,0.16398317278046518,0.16398317278046518,831,849.44,868,827.34,46270720,831,849.44,868,827.34,46270720,"Jan 12, 21",38.25,0.0472
854.41,860.47,832,852.76,TSLA,33312496,HISTORICAL_PRICES,TSLA,,2021-01-13,1610589624000,0.1707935376899571,0.1707935376899571,852.76,854.41,860.47,832,33312496,852.76,854.41,860.47,832,33312496,"Jan 13, 21",4.969999999999914,0.0059
845,863,838.75,843.39,TSLA,31266327,HISTORICAL_PRICES,TSLA,,2021-01-14,1610676028000,0.1578990640886855,0.1578990640886855,843.39,845,863,838.75,31266327,843.39,845,863,838.75,31266327,"Jan 14, 21",-9.409999999999968,-0.011
826.16,859.9,819.1,852,TSLA,38777596,HISTORICAL_PRICES,TSLA,,2021-01-15,1610763383000,0.13208271099113417,0.13208271099113417,852,826.16,859.9,819.1,38777596,852,826.16,859.9,819.1,38777596,"Jan 15, 21",-18.840000000000032,-0.0223
844.55,850,833,837.8,TSLA,25366980,HISTORICAL_PRICES,TSLA,,2021-01-19,1611108985000,0.15728243145100507,0.15728243145100507,837.8,844.55,850,833,25366980,837.8,844.55,850,833,25366980,"Jan 19, 21",18.389999999999986,0.0223
850.45,859.5,837.28,858.74,TSLA,25665883,HISTORICAL_PRICES,TSLA,,2021-01-20,1611195387000,0.16536717047837,0.16536717047837,858.74,850.45,859.5,837.28,25665883,858.74,850.45,859.5,837.28,25665883,"Jan 20, 21",5.900000000000091,0.007
844.99,855.7199,841.4201,855,TSLA,20598133,HISTORICAL_PRICES,TSLA,,2021-01-21,1611281791000,0.1578853611411815,0.1578853611411815,855,844.99,855.7199,841.4201,20598133,855,844.99,855.7199,841.4201,20598133,"Jan 21, 21",-5.460000000000036,-0.0064
846.64,848,828.62,834.31,TSLA,20066497,HISTORICAL_PRICES,TSLA,,2021-01-22,1611368186000,0.1601463474793428,0.1601463474793428,834.31,846.64,848,828.62,20066497,834.31,846.64,848,828.62,20066497,"Jan 22, 21",1.6499999999999773,0.002
880.8,900.4,838.8201,855,TSLA,41173397,HISTORICAL_PRICES,TSLA,,2021-01-25,1611625704000,0.20695561615303448,0.20695561615303448,855,880.8,900.4,838.8201,41173397,855,880.8,900.4,838.8201,41173397,"Jan 25, 21",34.15999999999997,0.0403
883.09,895.9,871.6,891.38,TSLA,23131603,HISTORICAL_PRICES,TSLA,,2021-01-26,1611712088000,0.21009359113145246,0.21009359113145246,891.38,883.09,895.9,871.6,23131603,891.38,883.09,895.9,871.6,23131603,"Jan 26, 21",2.2900000000000773,0.0026
864.16,891.5,858.66,870.35,TSLA,27333955,HISTORICAL_PRICES,TSLA,,2021-01-27,1611798513000,0.184153911506365,0.184153911506365,870.35,864.16,891.5,858.66,27333955,870.35,864.16,891.5,858.66,27333955,"Jan 27, 21",-18.930000000000064,-0.0214
835.43,848,801,820,TSLA,26378048,HISTORICAL_PRICES,TSLA,,2021-01-28,1611890188000,0.14478534332734969,0.14478534332734969,820,835.43,848,801,26378048,820,835.43,848,801,26378048,"Jan 28, 21",-28.730000000000018,-0.0332
793.53,842.41,780.1,830.0003,TSLA,34990754,HISTORICAL_PRICES,TSLA,,2021-01-29,1611972984000,0.08736999328555571,0.08736999328555571,830.0003,793.53,842.41,780.1,34990754,830.0003,793.53,842.41,780.1,34990754,"Jan 29, 21",-41.89999999999998,-0.0502
839.81,842,795.5601,814.29,TSLA,25391385,HISTORICAL_PRICES,TSLA,,2021-02-01,1612238422000,0.1507872343341052,0.1507872343341052,814.29,839.81,842,795.5601,25391385,814.29,839.81,842,795.5601,25391385,"Feb 1, 21",46.27999999999997,0.0583
872.79,880.5,842.2006,844.68,TSLA,24346213,HISTORICAL_PRICES,TSLA,,2021-02-02,1612320508000,0.195979555202324,0.195979555202324,844.68,872.79,880.5,842.2006,24346213,844.68,872.79,880.5,842.2006,24346213,"Feb 2, 21",32.98000000000002,0.0393
854.69,878.08,853.0646,877.02,TSLA,18343510,HISTORICAL_PRICES,TSLA,,2021-02-03,1612403308000,0.17117722022006945,0.17117722022006945,877.02,854.69,878.08,853.0646,18343510,877.02,854.69,878.08,853.0646,18343510,"Feb 3, 21",-18.09999999999991,-0.0207
849.99,856.5,833.42,855,TSLA,15812661,HISTORICAL_PRICES,TSLA,,2021-02-04,1612490435000,0.16473683489318555,0.16473683489318555,855,849.99,856.5,833.42,15812661,855,849.99,856.5,833.42,15812661,"Feb 4, 21",-4.7000000000000455,-0.0055
852.23,864.77,838.97,845,TSLA,18566637,HISTORICAL_PRICES,TSLA,,2021-02-05,1612577785000,0.1678062951340834,0.1678062951340834,845,852.23,864.77,838.97,18566637,845,852.23,864.77,838.97,18566637,"Feb 5, 21",2.240000000000009,0.0026
863.42,877.77,854.75,869.67,TSLA,20161719,HISTORICAL_PRICES,TSLA,,2021-02-08,1612835307000,0.1831398933910684,0.1831398933910684,869.67,863.42,877.77,854.75,20161719,869.67,863.42,877.77,854.75,20161719,"Feb 8, 21",11.18999999999994,0.0131
849.46,859.8,841.75,855.12,TSLA,15157651,HISTORICAL_PRICES,TSLA,,2021-02-09,1612926157000,0.16401057867547317,0.16401057867547317,855.12,849.46,859.8,841.75,15157651,855.12,849.46,859.8,841.75,15157651,"Feb 9, 21",-13.959999999999923,-0.0162
804.82,844.82,800.02,843.635,TSLA,36216090,HISTORICAL_PRICES,TSLA,,2021-02-10,1613015303000,0.10284062101758097,0.10284062101758097,843.635,804.82,844.82,800.02,36216090,843.635,804.82,844.82,800.02,36216090,"Feb 10, 21",-44.639999999999986,-0.0526
811.66,829.8799,801.725,812.44,TSLA,21622753,HISTORICAL_PRICES,TSLA,,2021-02-11,1613094506000,0.11221343711032242,0.11221343711032242,812.44,811.66,829.8799,801.725,21622753,812.44,811.66,829.8799,801.725,21622753,"Feb 11, 21",6.839999999999918,0.0085
816.12,817.33,785.3306,801.26,TSLA,23768313,HISTORICAL_PRICES,TSLA,,2021-02-12,1613182592000,0.11832495169711008,0.11832495169711008,801.26,816.12,817.33,785.3306,23768313,801.26,816.12,817.33,785.3306,23768313,"Feb 12, 21",4.460000000000036,0.0055
796.22,821,792.44,818,TSLA,19802324,HISTORICAL_PRICES,TSLA,,2021-02-16,1613527225000,0.09105608616413396,0.09105608616413396,818,796.22,821,792.44,19802324,818,796.22,821,792.44,19802324,"Feb 16, 21",-19.899999999999977,-0.0244
798.15,799.84,762.01,779.09,TSLA,26078898,HISTORICAL_PRICES,TSLA,,2021-02-17,1613616510000,0.09370075503240746,0.09370075503240746,779.09,798.15,799.84,762.01,26078898,779.09,798.15,799.84,762.01,26078898,"Feb 17, 21",1.92999999999995,0.0024
787.38,794.69,776.27,780.9,TSLA,17957058,HISTORICAL_PRICES,TSLA,,2021-02-18,1613700166000,0.07894268057059076,0.07894268057059076,780.9,787.38,794.69,776.27,17957058,780.9,787.38,794.69,776.27,17957058,"Feb 18, 21",-10.769999999999982,-0.0135
781.3,796.7899,777.37,795,TSLA,18958255,HISTORICAL_PRICES,TSLA,,2021-02-19,1613787384000,0.07061128848815376,0.07061128848815376,795,781.3,796.7899,777.37,18958255,795,781.3,796.7899,777.37,18958255,"Feb 19, 21",-6.080000000000041,-0.0077
714.5,768.5,710.2,762.64,TSLA,37269716,HISTORICAL_PRICES,TSLA,,2021-02-22,1614056427000,-0.020924400838620363,-0.020924400838620363,762.64,714.5,768.5,710.2,37269716,762.64,714.5,768.5,710.2,37269716,"Feb 22, 21",-66.79999999999995,-0.0855
698.84,713.6099,619,662.13,TSLA,66606882,HISTORICAL_PRICES,TSLA,,2021-02-23,1614132027000,-0.042383216629897025,-0.042383216629897025,662.13,698.84,713.6099,619,66606882,662.13,698.84,713.6099,619,66606882,"Feb 23, 21",-15.659999999999968,-0.0219
742.02,745,694.17,711.85,TSLA,36766950,HISTORICAL_PRICES,TSLA,,2021-02-24,1614218433000,0.01678611069240994,0.01678611069240994,711.85,742.02,745,694.17,36766950,711.85,742.02,745,694.17,36766950,"Feb 24, 21",43.17999999999995,0.0618
682.22,737.2066,670.58,726.15,TSLA,39023855,HISTORICAL_PRICES,TSLA,,2021-02-25,1614306740000,-0.0651575153815585,-0.0651575153815585,726.15,682.22,737.2066,670.58,39023855,726.15,682.22,737.2066,670.58,39023855,"Feb 25, 21",-59.799999999999955,-0.0806
675.5,706.7,659.51,700,TSLA,41089173,HISTORICAL_PRICES,TSLA,,2021-02-26,1614392186000,-0.074365896104252,-0.074365896104252,700,675.5,706.7,659.51,41089173,700,675.5,706.7,659.51,41089173,"Feb 26, 21",-6.720000000000027,-0.0099
718.43,872,685.05,690.11,TSLA,27136239,HISTORICAL_PRICES,TSLA,,2021-03-01,1614651393000,-0.015539142469545244,-0.015539142469545244,690.11,718.43,872,685.05,27136239,690.11,718.43,872,685.05,27136239,"Mar 1, 21",42.92999999999995,0.0636
686.44,721.11,685,718.28,TSLA,23732158,HISTORICAL_PRICES,TSLA,,2021-03-02,1614736829000,-0.05937487153486705,-0.05937487153486705,718.28,686.44,721.11,685,23732158,718.28,686.44,721.11,685,23732158,"Mar 2, 21",-31.989999999999895,-0.0445
653.2,700.7,651.705,687.99,TSLA,30207960,HISTORICAL_PRICES,TSLA,,2021-03-03,1614823361000,-0.10492346903819003,-0.10492346903819003,687.99,653.2,700.7,651.705,30207960,687.99,653.2,700.7,651.705,30207960,"Mar 3, 21",-33.24000000000001,-0.0484
621.44,873.94,600,655.8,TSLA,65919530,HISTORICAL_PRICES,TSLA,,2021-03-04,1614909642000,-0.1484440303109198,-0.1484440303109198,655.8,621.44,873.94,600,65919530,655.8,621.44,873.94,600,65919530,"Mar 4, 21",-31.75999999999999,-0.0486
597.95,627.8419,539.49,626.06,TSLA,89396459,HISTORICAL_PRICES,TSLA,,2021-03-05,1614996988000,-0.18063225399783486,-0.18063225399783486,626.06,597.95,627.8419,539.49,89396459,626.06,597.95,627.8419,539.49,89396459,"Mar 5, 21",-23.49000000000001,-0.0378
563,620.125,558.79,600.55,TSLA,51786958,HISTORICAL_PRICES,TSLA,,2021-03-08,1615256193000,-0.22852405552434327,-0.22852405552434327,600.55,563,620.125,558.79,51786958,600.55,563,620.125,558.79,51786958,"Mar 8, 21",-34.950000000000045,-0.0584
673.58,678.09,595.21,608.18,TSLA,67523328,HISTORICAL_PRICES,TSLA,,2021-03-09,1615340906000,-0.0769968620250215,-0.0769968620250215,608.18,673.58,678.09,595.21,67523328,608.18,673.58,678.09,595.21,67523328,"Mar 9, 21",110.58000000000004,0.1964
668.06,717.85,655.06,700.3,TSLA,60605672,HISTORICAL_PRICES,TSLA,,2021-03-10,1615427304000,-0.0845608890472341,-0.0845608890472341,700.3,668.06,717.85,655.06,60605672,700.3,668.06,717.85,655.06,60605672,"Mar 10, 21",-5.5200000000000955,-0.0082
699.6,702.5,677.18,699.4,TSLA,36253892,HISTORICAL_PRICES,TSLA,,2021-03-11,1615514429000,-0.04134179261959242,-0.04134179261959242,699.4,699.6,702.5,677.18,36253892,699.4,699.6,702.5,677.18,36253892,"Mar 11, 21",31.540000000000077,0.0472
693.73,694.88,666.1394,670,TSLA,33583840,HISTORICAL_PRICES,TSLA,,2021-03-12,1615601786000,-0.04938542280444519,-0.04938542280444519,670,693.73,694.88,666.1394,33583840,670,693.73,694.88,666.1394,33583840,"Mar 12, 21",-5.8700000000000045,-0.0084
707.94,713.18,684.04,694.09,TSLA,29423479,HISTORICAL_PRICES,TSLA,,2021-03-15,1615859310000,-0.02991353440124961,-0.02991353440124961,694.09,707.94,713.18,684.04,29423479,694.09,707.94,713.18,684.04,29423479,"Mar 15, 21",14.210000000000036,0.0205
676.88,707.92,671,703.35,TSLA,32195672,HISTORICAL_PRICES,TSLA,,2021-03-16,1615943788000,-0.07247488934869889,-0.07247488934869889,703.35,676.88,707.92,671,32195672,703.35,676.88,707.92,671,32195672,"Mar 16, 21",-31.06000000000006,-0.0439
701.81,703.73,651.01,656.87,TSLA,40372453,HISTORICAL_PRICES,TSLA,,2021-03-17,1616032990000,-0.03831344122120673,-0.03831344122120673,656.87,701.81,703.73,651.01,40372453,656.87,701.81,703.73,651.01,40372453,"Mar 17, 21",24.92999999999995,0.0368
653.16,689.23,652,684.29,TSLA,33369022,HISTORICAL_PRICES,TSLA,,2021-03-18,1616115704000,-0.10497828082820616,-0.10497828082820616,684.29,653.16,689.23,652,33369022,684.29,653.16,689.23,652,33369022,"Mar 18, 21",-48.64999999999998,-0.0693
654.87,657.23,624.6201,646.6,TSLA,42893978,HISTORICAL_PRICES,TSLA,,2021-03-19,1616202982000,-0.10263507680502074,-0.10263507680502074,646.6,654.87,657.23,624.6201,42893978,646.6,654.87,657.23,624.6201,42893978,"Mar 19, 21",1.7100000000000364,0.0026
670,699.62,668.75,684.59,TSLA,39512221,HISTORICAL_PRICES,TSLA,,2021-03-22,1616460513000,-0.08190251723145646,-0.08190251723145646,684.59,670,699.62,668.75,39512221,684.59,670,699.62,668.75,39512221,"Mar 22, 21",15.129999999999995,0.0231
662.16,677.8,657.51,675.77,TSLA,30491870,HISTORICAL_PRICES,TSLA,,2021-03-23,1616547633000,-0.09264562807459886,-0.09264562807459886,675.77,662.16,677.8,657.51,30491870,675.77,662.16,677.8,657.51,30491870,"Mar 23, 21",-7.840000000000032,-0.0117
630.27,668.02,630.11,667.91,TSLA,33795174,HISTORICAL_PRICES,TSLA,,2021-03-24,1616633305000,-0.13634432766488072,-0.13634432766488072,667.91,630.27,668.02,630.11,33795174,667.91,630.27,668.02,630.11,33795174,"Mar 24, 21",-31.889999999999986,-0.0482
640.39,645.5,609.5,613,TSLA,39224850,HISTORICAL_PRICES,TSLA,,2021-03-25,1616719707000,-0.12247694479082451,-0.12247694479082451,613,640.39,645.5,609.5,39224850,613,640.39,645.5,609.5,39224850,"Mar 25, 21",10.120000000000005,0.0161
618.71,643.82,599.89,641.87,TSLA,33852827,HISTORICAL_PRICES,TSLA,,2021-03-26,1616807787000,-0.15218493497951402,-0.15218493497951402,641.87,618.71,643.82,599.89,33852827,641.87,618.71,643.82,599.89,33852827,"Mar 26, 21",-21.67999999999995,-0.0339
611.29,616.48,596.02,615.64,TSLA,28636985,HISTORICAL_PRICES,TSLA,,2021-03-29,1617066026000,-0.16235252202748815,-0.16235252202748815,615.64,611.29,616.48,596.02,28636985,615.64,611.29,616.48,596.02,28636985,"Mar 29, 21",-7.420000000000073,-0.012
635.62,637.66,591.01,601.75,TSLA,39432359,HISTORICAL_PRICES,TSLA,,2021-03-30,1617153398000,-0.12901325075023634,-0.12901325075023634,601.75,635.62,637.66,591.01,39432359,601.75,635.62,637.66,591.01,39432359,"Mar 30, 21",24.33000000000004,0.0398
667.93,672,641.11,646.62,TSLA,33337288,HISTORICAL_PRICES,TSLA,,2021-03-31,1617238110000,-0.08473902736478621,-0.08473902736478621,646.62,667.93,672,641.11,33337288,646.62,667.93,672,641.11,33337288,"Mar 31, 21",32.309999999999945,0.0508
661.75,692.4203,659.42,688.37,TSLA,35298378,HISTORICAL_PRICES,TSLA,,2021-04-01,1617324505000,-0.09320744892226315,-0.09320744892226315,688.37,661.75,692.4203,659.42,35298378,688.37,661.75,692.4203,659.42,35298378,"Apr 1, 21",-6.17999999999995,-0.0093
691.05,708.16,684.7,707.71,TSLA,41842767,HISTORICAL_PRICES,TSLA,,2021-04-05,1617670112000,-0.05305781273551945,-0.05305781273551945,707.71,691.05,708.16,684.7,41842767,707.71,691.05,708.16,684.7,41842767,"Apr 5, 21",29.299999999999955,0.0443
691.62,696.55,681.37,690.3,TSLA,28271839,HISTORICAL_PRICES,TSLA,,2021-04-06,1617757232000,-0.05227674472779092,-0.05227674472779092,690.3,691.62,696.55,681.37,28271839,690.3,691.62,696.55,681.37,28271839,"Apr 6, 21",0.57000000000005,0.0008
670.97,691.38,667.84,687,TSLA,26309433,HISTORICAL_PRICES,TSLA,,2021-04-07,1617842908000,-0.08057333132356764,-0.08057333132356764,687,670.97,691.38,667.84,26309433,687,670.97,691.38,667.84,26309433,"Apr 7, 21",-20.649999999999977,-0.0299
683.8,689.5499,671.645,677.38,TSLA,23924329,HISTORICAL_PRICES,TSLA,,2021-04-08,1617930097000,-0.06299244967592534,-0.06299244967592534,677.38,683.8,689.5499,671.645,23924329,677.38,683.8,689.5499,671.645,23924329,"Apr 8, 21",12.829999999999927,0.0191
677.02,680.97,669.43,677.77,TSLA,21437087,HISTORICAL_PRICES,TSLA,,2021-04-09,1618017388000,-0.07228304808364279,-0.07228304808364279,677.77,677.02,680.97,669.43,21437087,677.77,677.02,680.97,669.43,21437087,"Apr 9, 21",-6.779999999999973,-0.0099
701.98,704.8,682.09,685.7,TSLA,29135670,HISTORICAL_PRICES,TSLA,,2021-04-12,1618275638000,-0.038080491113638495,-0.038080491113638495,685.7,701.98,704.8,682.09,29135670,685.7,701.98,704.8,682.09,29135670,"Apr 12, 21",24.960000000000036,0.0369
762.32,763,710.66,712.7,TSLA,44652808,HISTORICAL_PRICES,TSLA,,2021-04-13,1618361307000,0.0446030941255465,0.0446030941255465,712.7,762.32,763,710.66,44652808,712.7,762.32,763,710.66,44652808,"Apr 13, 21",60.34000000000003,0.086
732.23,780.79,728.03,770.7,TSLA,49017434,HISTORICAL_PRICES,TSLA,,2021-04-14,1618447706000,0.0033709250859860454,0.0033709250859860454,770.7,732.23,780.79,728.03,49017434,770.7,732.23,780.79,728.03,49017434,"Apr 14, 21",-30.090000000000032,-0.0395
738.85,743.69,721.31,743.1,TSLA,27848900,HISTORICAL_PRICES,TSLA,,2021-04-15,1618534111000,0.012442276333639422,0.012442276333639422,743.1,738.85,743.69,721.31,27848900,743.1,738.85,743.69,721.31,27848900,"Apr 15, 21",6.6200000000000045,0.009
739.78,749.41,724.6,728.65,TSLA,27979526,HISTORICAL_PRICES,TSLA,,2021-04-16,1618622189000,0.013716650451512108,0.013716650451512108,728.65,739.78,749.41,724.6,27979526,728.65,739.78,749.41,724.6,27979526,"Apr 16, 21",0.92999999999995,0.0013
714.63,725.4,691.8001,719.6,TSLA,39686226,HISTORICAL_PRICES,TSLA,,2021-04-19,1618880442000,-0.020746262521068263,-0.020746262521068263,719.6,714.63,725.4,691.8001,39686226,719.6,714.63,725.4,691.8001,39686226,"Apr 19, 21",-25.149999999999977,-0.034
718.99,737.25,710.685,717.42,TSLA,35609038,HISTORICAL_PRICES,TSLA,,2021-04-20,1618966849000,-0.014771777409320707,-0.014771777409320707,717.42,718.99,737.25,710.685,35609038,717.42,718.99,737.25,710.685,35609038,"Apr 20, 21",4.360000000000014,0.0061
744.12,744.84,698,704.77,TSLA,31215514,HISTORICAL_PRICES,TSLA,,2021-04-21,1619052509000,0.019663729668251674,0.019663729668251674,704.77,744.12,744.84,698,31215514,704.77,744.12,744.84,698,31215514,"Apr 21, 21",25.129999999999995,0.035
719.69,753.77,718.04,741.5,TSLA,35590255,HISTORICAL_PRICES,TSLA,,2021-04-22,1619139631000,-0.013812571084040078,-0.013812571084040078,741.5,719.69,753.77,718.04,35590255,741.5,719.69,753.77,718.04,35590255,"Apr 22, 21",-24.42999999999995,-0.0328
729.4,737.36,715.46,719.8,TSLA,28413889,HISTORICAL_PRICES,TSLA,,2021-04-23,1619226989000,-0.0005070090576483064,-0.0005070090576483064,719.8,729.4,737.36,715.46,28413889,719.8,729.4,737.36,715.46,28413889,"Apr 23, 21",9.709999999999923,0.0135
738.2,749.3,732.6053,741,TSLA,31038502,HISTORICAL_PRICES,TSLA,,2021-04-26,1619485232000,0.011551584745878926,0.011551584745878926,741,738.2,749.3,732.6053,31038502,741,738.2,749.3,732.6053,31038502,"Apr 26, 21",8.800000000000068,0.0121
704.74,724,703.3501,717.96,TSLA,29436995,HISTORICAL_PRICES,TSLA,,2021-04-27,1619570909000,-0.03429847760253227,-0.03429847760253227,717.96,704.74,724,703.3501,29436995,717.96,704.74,724,703.3501,29436995,"Apr 27, 21",-33.460000000000036,-0.0453
694.4,708.5,693.6,696.41,TSLA,22271047,HISTORICAL_PRICES,TSLA,,2021-04-28,1619659946000,-0.0484673253216767,-0.0484673253216767,696.41,694.4,708.5,693.6,22271047,696.41,694.4,708.5,693.6,22271047,"Apr 28, 21",-10.340000000000032,-0.0147
677,702.25,668.5002,699.51,TSLA,28845449,HISTORICAL_PRICES,TSLA,,2021-04-29,1619744428000,-0.07231045397865078,-0.07231045397865078,699.51,677,702.25,668.5002,28845449,699.51,677,702.25,668.5002,28845449,"Apr 29, 21",-17.399999999999977,-0.0251
709.44,715.47,666.14,667.59,TSLA,40758722,HISTORICAL_PRICES,TSLA,,2021-04-30,1619831787000,-0.027858092275648394,-0.027858092275648394,667.59,709.44,715.47,666.14,40758722,667.59,709.44,715.47,666.14,40758722,"Apr 30, 21",32.440000000000055,0.0479
684.9,706,680.5,703.8,TSLA,27043143,HISTORICAL_PRICES,TSLA,,2021-05-03,1620090028000,-0.06148512545048441,-0.06148512545048441,703.8,684.9,706,680.5,27043143,703.8,684.9,706,680.5,27043143,"May 3, 21",-24.540000000000077,-0.0346
673.6,683.4464,657.701,678.94,TSLA,29739319,HISTORICAL_PRICES,TSLA,,2021-05-04,1620175721000,-0.0769694561300135,-0.0769694561300135,678.94,673.6,683.4464,657.701,29739319,678.94,673.6,683.4464,657.701,29739319,"May 4, 21",-11.299999999999955,-0.0165
670.94,685.2955,667.34,681.06,TSLA,21901894,HISTORICAL_PRICES,TSLA,,2021-05-05,1620262975000,-0.08061444016607963,-0.08061444016607963,681.06,670.94,685.2955,667.34,21901894,681.06,670.94,685.2955,667.34,21901894,"May 5, 21",-2.659999999999968,-0.0039
663.54,681.02,650,680.76,TSLA,27784619,HISTORICAL_PRICES,TSLA,,2021-05-06,1620351153000,-0.09075462131904576,-0.09075462131904576,680.76,663.54,681.02,650,27784619,680.76,663.54,681.02,650,27784619,"May 6, 21",-7.400000000000091,-0.011
672.37,690,660.22,665.8,TSLA,23469172,HISTORICAL_PRICES,TSLA,,2021-05-07,1620436594000,-0.07865491867300653,-0.07865491867300653,665.8,672.37,690,660.22,23469172,665.8,672.37,690,660.22,23469172,"May 7, 21",8.830000000000041,0.0133
629.04,665.05,627.6101,664.9,TSLA,31392417,HISTORICAL_PRICES,TSLA,,2021-05-10,1620694116000,-0.13802979020787373,-0.13802979020787373,664.9,629.04,665.05,627.6101,31392417,664.9,629.04,665.05,627.6101,31392417,"May 10, 21",-43.33000000000004,-0.0644
617.2,627.0999,595.6,599.24,TSLA,46503896,HISTORICAL_PRICES,TSLA,,2021-05-11,1620781302000,-0.15425408005261923,-0.15425408005261923,599.24,617.2,627.0999,595.6,46503896,599.24,617.2,627.0999,595.6,46503896,"May 11, 21",-11.839999999999918,-0.0188
589.89,620.41,586.765,602.49,TSLA,33823646,HISTORICAL_PRICES,TSLA,,2021-05-12,1620867637000,-0.19167682968606548,-0.19167682968606548,602.49,589.89,620.41,586.765,33823646,602.49,589.89,620.41,586.765,33823646,"May 12, 21",-27.31000000000006,-0.0442
571.69,606.4599,559.65,601.545,TSLA,44184916,HISTORICAL_PRICES,TSLA,,2021-05-13,1620953310000,-0.21661619414336014,-0.21661619414336014,601.545,571.69,606.4599,559.65,44184916,601.545,571.69,606.4599,559.65,44184916,"May 13, 21",-18.199999999999932,-0.0309
589.74,592.87,570.46,583.41,TSLA,33370856,HISTORICAL_PRICES,TSLA,,2021-05-14,1621041394000,-0.19188237389862556,-0.19188237389862556,583.41,589.74,592.87,570.46,33370856,583.41,589.74,592.87,570.46,33370856,"May 14, 21",18.049999999999955,0.0316
576.83,589.73,561.2,575.5531,TSLA,32390360,HISTORICAL_PRICES,TSLA,,2021-05-17,1621299637000,-0.2095728791263,-0.2095728791263,575.5531,576.83,589.73,561.2,32390360,575.5531,576.83,589.73,561.2,32390360,"May 17, 21",-12.909999999999968,-0.0219
577.87,596.25,563.38,568,TSLA,36830567,HISTORICAL_PRICES,TSLA,,2021-05-18,1621385311000,-0.20814777258588318,-0.20814777258588318,568,577.87,596.25,563.38,36830567,568,577.87,596.25,563.38,36830567,"May 18, 21",1.0399999999999636,0.0018
563.46,566.21,546.98,552.55,TSLA,39578395,HISTORICAL_PRICES,TSLA,,2021-05-19,1621471714000,-0.22789371993915886,-0.22789371993915886,552.55,563.46,566.21,546.98,39578395,552.55,563.46,566.21,546.98,39578395,"May 19, 21",-14.409999999999968,-0.0249
586.78,588.85,571.07,575,TSLA,30821119,HISTORICAL_PRICES,TSLA,,2021-05-20,1621558115000,-0.195938446359812,-0.195938446359812,575,586.78,588.85,571.07,30821119,575,586.78,588.85,571.07,30821119,"May 20, 21",23.319999999999936,0.0414
580.88,596.68,580,596.11,TSLA,26030595,HISTORICAL_PRICES,TSLA,,2021-05-21,1621646194000,-0.20402318538717676,-0.20402318538717676,596.11,580.88,596.68,580,26030595,596.11,580.88,596.68,580,26030595,"May 21, 21",-5.899999999999977,-0.0101
606.44,614.48,573.65,581.6,TSLA,34558089,HISTORICAL_PRICES,TSLA,,2021-05-24,1621904429000,-0.16899845156693194,-0.16899845156693194,581.6,606.44,614.48,573.65,34558089,581.6,606.44,614.48,573.65,34558089,"May 24, 21",25.56000000000006,0.044
604.69,613.99,595.71,607.31,TSLA,28005933,HISTORICAL_PRICES,TSLA,,2021-05-25,1621990864000,-0.17139646738013337,-0.17139646738013337,607.31,604.69,613.99,595.71,28005933,607.31,604.69,613.99,595.71,28005933,"May 25, 21",-1.75,-0.0029
619.13,626.17,601.5,607.56,TSLA,28639305,HISTORICAL_PRICES,TSLA,,2021-05-26,1622077262000,-0.15160941118434573,-0.15160941118434573,607.56,619.13,626.17,601.5,28639305,607.56,619.13,626.17,601.5,28639305,"May 26, 21",14.43999999999994,0.0239
630.85,631.13,616.21,620.24,TSLA,26370593,HISTORICAL_PRICES,TSLA,,2021-05-27,1622163632000,-0.1355495567096482,-0.1355495567096482,620.24,630.85,631.13,616.21,26370593,620.24,630.85,631.13,616.21,26370593,"May 27, 21",11.720000000000027,0.0189
625.22,635.59,622.38,628.5,TSLA,22737038,HISTORICAL_PRICES,TSLA,,2021-05-28,1622250994000,-0.14326431615440474,-0.14326431615440474,628.5,625.22,635.59,622.38,22737038,628.5,625.22,635.59,622.38,22737038,"May 28, 21",-5.6299999999999955,-0.0089
623.9,633.8,620.55,627.8,TSLA,18084890,HISTORICAL_PRICES,TSLA,,2021-06-01,1622595633000,-0.14507310522493388,-0.14507310522493388,627.8,623.9,633.8,620.55,18084890,627.8,623.9,633.8,620.55,18084890,"Jun 1, 21",-1.32000000000005,-0.0021
605.12,623.36,599.14,620.13,TSLA,23302779,HISTORICAL_PRICES,TSLA,,2021-06-02,1622682132000,-0.17080724063746108,-0.17080724063746108,620.13,605.12,623.36,599.14,23302779,620.13,605.12,623.36,599.14,23302779,"Jun 2, 21",-18.779999999999973,-0.0301
572.84,604.55,571.22,601.8,TSLA,30111893,HISTORICAL_PRICES,TSLA,,2021-06-03,1622768432000,-0.21504035518039924,-0.21504035518039924,601.8,572.84,604.55,571.22,30111893,601.8,572.84,604.55,571.22,30111893,"Jun 3, 21",-32.27999999999997,-0.0533
599.05,600.61,577.2,579.71,TSLA,24036896,HISTORICAL_PRICES,TSLA,,2021-06-04,1622855798000,-0.17912492977239408,-0.17912492977239408,579.71,599.05,600.61,577.2,24036896,579.71,599.05,600.61,577.2,24036896,"Jun 4, 21",26.209999999999923,0.0458
605.13,610,582.88,591.825,TSLA,22543682,HISTORICAL_PRICES,TSLA,,2021-06-07,1623114028000,-0.1707935376899571,-0.1707935376899571,591.825,605.13,610,582.88,22543682,591.825,605.13,610,582.88,22543682,"Jun 7, 21",6.080000000000041,0.0101
603.59,623.09,595.5,623.01,TSLA,26053405,HISTORICAL_PRICES,TSLA,,2021-06-08,1623200426000,-0.1729037916055743,-0.1729037916055743,623.01,603.59,623.09,595.5,26053405,623.01,603.59,623.09,595.5,26053405,"Jun 8, 21",-1.5399999999999636,-0.0025
598.78,611.79,597.6301,602.17,TSLA,16584566,HISTORICAL_PRICES,TSLA,,2021-06-09,1623288752000,-0.17949490935500229,-0.17949490935500229,602.17,598.78,611.79,597.6301,16584566,602.17,598.78,611.79,597.6301,16584566,"Jun 9, 21",-4.810000000000059,-0.008
610.12,616.59,600.5,603.88,TSLA,23919606,HISTORICAL_PRICES,TSLA,,2021-06-10,1623373425000,-0.16395576688545704,-0.16395576688545704,603.88,610.12,616.59,600.5,23919606,603.88,610.12,616.59,600.5,23919606,"Jun 10, 21",11.340000000000032,0.0189
609.89,612.56,601.52,610.23,TSLA,16205303,HISTORICAL_PRICES,TSLA,,2021-06-11,1623460592000,-0.16427093467804924,-0.16427093467804924,610.23,609.89,612.56,601.52,16205303,610.23,609.89,612.56,601.52,16205303,"Jun 11, 21",-0.2300000000000182,-0.0004
617.69,625.49,609.18,612.23,TSLA,20423983,HISTORICAL_PRICES,TSLA,,2021-06-14,1623718859000,-0.15358263562492283,-0.15358263562492283,612.23,617.69,625.49,609.18,20423983,612.23,617.69,625.49,609.18,20423983,"Jun 14, 21",7.800000000000068,0.0128
599.36,616.79,598.23,616.69,TSLA,17764145,HISTORICAL_PRICES,TSLA,,2021-06-15,1623804513000,-0.17870013839976975,-0.17870013839976975,616.69,599.36,616.79,598.23,17764145,616.69,599.36,616.79,598.23,17764145,"Jun 15, 21",-18.33000000000004,-0.0297
604.87,608.5,593.5,597.535,TSLA,22144127,HISTORICAL_PRICES,TSLA,,2021-06-16,1623897163000,-0.1711498143250613,-0.1711498143250613,597.535,604.87,608.5,593.5,22144127,597.535,604.87,608.5,593.5,22144127,"Jun 16, 21",5.509999999999991,0.0092
616.6,621.47,601.34,601.8878,TSLA,22701350,HISTORICAL_PRICES,TSLA,,2021-06-17,1623978214000,-0.15507625690285975,-0.15507625690285975,601.8878,616.6,621.47,601.34,22701350,601.8878,616.6,621.47,601.34,22701350,"Jun 17, 21",11.730000000000018,0.0194
623.31,628.35,611.8,613.37,TSLA,24560905,HISTORICAL_PRICES,TSLA,,2021-06-18,1624065391000,-0.1458815791276704,-0.1458815791276704,613.37,623.31,628.35,611.8,24560905,613.37,623.31,628.35,611.8,24560905,"Jun 18, 21",6.709999999999923,0.0109
620.83,631.39,608.88,624.48,TSLA,24812741,HISTORICAL_PRICES,TSLA,,2021-06-21,1624323780000,-0.1492799101086643,-0.1492799101086643,624.48,620.83,631.39,608.88,24812741,624.48,620.83,631.39,608.88,24812741,"Jun 21, 21",-2.4799999999999045,-0.004
623.71,628.5693,615.5,618.25,TSLA,19158892,HISTORICAL_PRICES,TSLA,,2021-06-22,1624410104000,-0.14533346122750995,-0.14533346122750995,618.25,623.71,628.5693,615.5,19158892,618.25,623.71,628.5693,615.5,19158892,"Jun 22, 21",2.8799999999999955,0.0046
656.57,657.204,630.04,632,TSLA,31099228,HISTORICAL_PRICES,TSLA,,2021-06-23,1624496440000,-0.10030557572933929,-0.10030557572933929,632,656.57,657.204,630.04,31099228,632,656.57,657.204,630.04,31099228,"Jun 23, 21",32.860000000000014,0.0527
679.82,697.62,667.61,674.99,TSLA,45982386,HISTORICAL_PRICES,TSLA,,2021-06-24,1624583793000,-0.06844622278252042,-0.06844622278252042,674.99,679.82,697.62,667.61,45982386,674.99,679.82,697.62,667.61,45982386,"Jun 24, 21",23.25,0.0354
671.87,693.81,668.7,689.58,TSLA,32496707,HISTORICAL_PRICES,TSLA,,2021-06-25,1624670407000,-0.07934006604820694,-0.07934006604820694,689.58,671.87,693.81,668.7,32496707,689.58,671.87,693.81,668.7,32496707,"Jun 25, 21",-7.9500000000000455,-0.0117
688.72,694.6999,670.32,671.64,TSLA,21628159,HISTORICAL_PRICES,TSLA,,2021-06-28,1624928573000,-0.05625059950395324,-0.05625059950395324,671.64,688.72,694.6999,670.32,21628159,671.64,688.72,694.6999,670.32,21628159,"Jun 28, 21",16.850000000000023,0.0251
680.76,687.5099,675.89,684.65,TSLA,17381313,HISTORICAL_PRICES,TSLA,,2021-06-29,1625015078000,-0.06715814571714375,-0.06715814571714375,684.65,680.76,687.5099,675.89,17381313,684.65,680.76,687.5099,675.89,17381313,"Jun 29, 21",-7.960000000000036,-0.0116
679.7,692.81,678.14,679.77,TSLA,18924862,HISTORICAL_PRICES,TSLA,,2021-06-30,1625101333000,-0.06861065815256853,-0.06861065815256853,679.77,679.7,692.81,678.14,18924862,679.77,679.7,692.81,678.14,18924862,"Jun 30, 21",-1.0599999999999454,-0.0016
677.92,687.99,672.8,683.92,TSLA,18634522,HISTORICAL_PRICES,TSLA,,2021-07-01,1625188848000,-0.0710497828082821,-0.0710497828082821,683.92,677.92,687.99,672.8,18634522,683.92,677.92,687.99,672.8,18634522,"Jul 1, 21",-1.7800000000000864,-0.0026
678.9,700,673.26,678.98,TSLA,27097374,HISTORICAL_PRICES,TSLA,,2021-07-02,1625275340000,-0.06970689395288927,-0.06970689395288927,678.98,678.9,700,673.26,27097374,678.98,678.9,700,673.26,27097374,"Jul 2, 21",0.9800000000000182,0.0014
659.58,684,651.4002,681.7115,TSLA,23284450,HISTORICAL_PRICES,TSLA,,2021-07-06,1625620784000,-0.09618098853063287,-0.09618098853063287,681.7115,659.58,684,651.4002,23284450,681.7115,659.58,684,651.4002,23284450,"Jul 6, 21",-19.319999999999936,-0.0285
644.65,665.7,638.32,664.27,TSLA,18791960,HISTORICAL_PRICES,TSLA,,2021-07-07,1625758624000,-0.11663948915411707,-0.11663948915411707,664.27,644.65,665.7,638.32,18791960,664.27,644.65,665.7,638.32,18791960,"Jul 7, 21",-14.930000000000064,-0.0226
652.81,654.43,620.46,628.37,TSLA,22773316,HISTORICAL_PRICES,TSLA,,2021-07-08,1625832936000,-0.10545788399084649,-0.10545788399084649,628.37,652.81,654.43,620.46,22773316,628.37,652.81,654.43,620.46,22773316,"Jul 8, 21",8.159999999999968,0.0127
656.95,658.91,644.69,653.185,TSLA,18140548,HISTORICAL_PRICES,TSLA,,2021-07-09,1625879981000,-0.09978486372418699,-0.09978486372418699,653.185,656.95,658.91,644.69,18140548,653.185,656.95,658.91,644.69,18140548,"Jul 9, 21",4.1400000000001,0.0063
685.7,687.24,662.161,662.2,TSLA,25927042,HISTORICAL_PRICES,TSLA,,2021-07-12,1626138188000,-0.06038888965016367,-0.06038888965016367,662.2,685.7,687.24,662.161,25927042,662.2,685.7,687.24,662.161,25927042,"Jul 12, 21",28.75,0.0438
668.54,693.28,666.2958,686.32,TSLA,20966092,HISTORICAL_PRICES,TSLA,,2021-07-13,1626223886000,-0.0839031475670417,-0.0839031475670417,686.32,668.54,693.28,666.2958,20966092,686.32,668.54,693.28,666.2958,20966092,"Jul 13, 21",-17.160000000000082,-0.025
653.38,678.6099,652.84,670.75,TSLA,21641190,HISTORICAL_PRICES,TSLA,,2021-07-14,1626311157000,-0.10467681598311795,-0.10467681598311795,670.75,653.38,678.6099,652.84,21641190,670.75,653.38,678.6099,652.84,21641190,"Jul 14, 21",-15.159999999999968,-0.0227
650.6,666.14,637.88,658.39,TSLA,20209571,HISTORICAL_PRICES,TSLA,,2021-07-15,1626398440000,-0.10848623538923217,-0.10848623538923217,658.39,650.6,666.14,637.88,20209571,658.39,650.6,666.14,637.88,20209571,"Jul 15, 21",-2.7799999999999727,-0.0043
644.22,656.6999,642.2,654.68,TSLA,16370970,HISTORICAL_PRICES,TSLA,,2021-07-16,1626484751000,-0.11722871589678933,-0.11722871589678933,654.68,644.22,656.6999,642.2,16370970,654.68,644.22,656.6999,642.2,16370970,"Jul 16, 21",-6.3799999999999955,-0.0098
646.22,647.1999,621.29,629.89,TSLA,21297090,HISTORICAL_PRICES,TSLA,,2021-07-19,1626744013000,-0.11448812639598772,-0.11448812639598772,629.89,646.22,647.1999,621.29,21297090,629.89,646.22,647.1999,621.29,21297090,"Jul 19, 21",2,0.0031
660.5,662.3916,640.501,651.99,TSLA,15487127,HISTORICAL_PRICES,TSLA,,2021-07-20,1626829422000,-0.09492031736026417,-0.09492031736026417,651.99,660.5,662.3916,640.501,15487127,651.99,660.5,662.3916,640.501,15487127,"Jul 20, 21",14.279999999999973,0.0221
655.29,664.8599,650.2901,659.61,TSLA,13953338,HISTORICAL_PRICES,TSLA,,2021-07-21,1626915833000,-0.10205955300985245,-0.10205955300985245,659.61,655.29,664.8599,650.2901,13953338,659.61,655.29,664.8599,650.2901,13953338,"Jul 21, 21",-5.210000000000036,-0.0079
649.26,662.17,644.6001,656.4428,TSLA,15105727,HISTORICAL_PRICES,TSLA,,2021-07-22,1627001431000,-0.1103224303547693,-0.1103224303547693,656.4428,649.26,662.17,644.6001,15105727,656.4428,649.26,662.17,644.6001,15105727,"Jul 22, 21",-6.029999999999973,-0.0092
643.38,648.8,637.3001,646.36,TSLA,14604944,HISTORICAL_PRICES,TSLA,,2021-07-23,1627089649000,-0.11837976348712606,-0.11837976348712606,646.36,643.38,648.8,637.3001,14604944,646.36,643.38,648.8,637.3001,14604944,"Jul 23, 21",-5.8799999999999955,-0.0091
657.62,668.1999,647.11,650.97,TSLA,25336556,HISTORICAL_PRICES,TSLA,,2021-07-26,1627346919000,-0.0988667662414185,-0.0988667662414185,650.97,657.62,668.1999,647.11,25336556,650.97,657.62,668.1999,647.11,25336556,"Jul 26, 21",14.240000000000009,0.0221
644.78,666.5,627.24,663.4,TSLA,32813290,HISTORICAL_PRICES,TSLA,,2021-07-27,1627435006000,-0.11646135083656496,-0.11646135083656496,663.4,644.78,666.5,627.24,32813290,663.4,644.78,666.5,627.24,32813290,"Jul 27, 21",-12.840000000000032,-0.0195
646.98,654.9699,639.4001,646.995,TSLA,16006596,HISTORICAL_PRICES,TSLA,,2021-07-28,1627520433000,-0.11344670238568311,-0.11344670238568311,646.995,646.98,654.9699,639.4001,16006596,646.995,646.98,654.9699,639.4001,16006596,"Jul 28, 21",2.2000000000000455,0.0034
677.35,683.69,648.8,649.79,TSLA,30394637,HISTORICAL_PRICES,TSLA,,2021-07-29,1627607793000,-0.07183085081601047,-0.07183085081601047,649.79,677.35,683.69,648.8,30394637,649.79,677.35,683.69,648.8,30394637,"Jul 29, 21",30.370000000000005,0.0469
687.2,697.53,669,671.758,TSLA,29656411,HISTORICAL_PRICES,TSLA,,2021-07-30,1627708740000,-0.058333447524562446,-0.058333447524562446,671.758,687.2,697.53,669,29656411,671.758,687.2,697.53,669,29656411,"Jul 30, 21",9.850000000000023,0.0145
709.67,726.94,698.4,700,TSLA,33615765,HISTORICAL_PRICES,TSLA,,2021-08-02,1627951708000,-0.027542924483056338,-0.027542924483056338,700,709.67,726.94,698.4,33615765,700,709.67,726.94,698.4,33615765,"Aug 2, 21",22.469999999999914,0.0327
709.74,722.65,701.01,719,TSLA,21620253,HISTORICAL_PRICES,TSLA,,2021-08-03,1628039835000,-0.02744700385052821,-0.02744700385052821,719,709.74,722.65,701.01,21620253,719,709.74,722.65,701.01,21620253,"Aug 3, 21",0.07000000000005002,0.0001
710.92,724.9,708.93,711,TSLA,17002647,HISTORICAL_PRICES,TSLA,,2021-08-04,1628125374000,-0.025830056045055325,-0.025830056045055325,711,710.92,724.9,708.93,17002647,711,710.92,724.9,708.93,17002647,"Aug 4, 21",1.17999999999995,0.0017
714.63,720.9499,711.41,716,TSLA,12919637,HISTORICAL_PRICES,TSLA,,2021-08-05,1628211662000,-0.020746262521068263,-0.020746262521068263,716,714.63,720.9499,711.41,12919637,716,714.63,720.9499,711.41,12919637,"Aug 5, 21",3.7100000000000364,0.0052
699.1,716.33,697.63,711.9,TSLA,15623049,HISTORICAL_PRICES,TSLA,,2021-08-06,1628298996000,-0.042026939994792824,-0.042026939994792824,711.9,699.1,716.33,697.63,15623049,711.9,699.1,716.33,697.63,15623049,"Aug 6, 21",-15.529999999999973,-0.0217
713.76,719.03,705.13,710.17,TSLA,14715349,HISTORICAL_PRICES,TSLA,,2021-08-09,1628557237000,-0.021938418953916974,-0.021938418953916974,710.17,713.76,719.03,705.13,14715349,710.17,713.76,719.03,705.13,14715349,"Aug 9, 21",14.659999999999968,0.021
709.99,716.59,701.88,713.99,TSLA,13432305,HISTORICAL_PRICES,TSLA,,2021-08-10,1628644612000,-0.02710443016292801,-0.02710443016292801,713.99,709.99,716.59,701.88,13432305,713.99,709.99,716.59,701.88,13432305,"Aug 10, 21",-3.769999999999982,-0.0053
707.82,715.18,704.21,712.71,TSLA,9800558,HISTORICAL_PRICES,TSLA,,2021-08-11,1628731017000,-0.030077969771297713,-0.030077969771297713,712.71,707.82,715.18,704.21,9800558,712.71,707.82,715.18,704.21,9800558,"Aug 11, 21",-2.169999999999959,-0.0031
722.25,722.8,699.4,706.34,TSLA,17681686,HISTORICAL_PRICES,TSLA,,2021-08-12,1628816437000,-0.010304616523014076,-0.010304616523014076,706.34,722.25,722.8,699.4,17681686,706.34,722.25,722.8,699.4,17681686,"Aug 12, 21",14.42999999999995,0.0204
717.17,729.9,714.34,723.71,TSLA,16731467,HISTORICAL_PRICES,TSLA,,2021-08-13,1629068583000,-0.01726571385505025,-0.01726571385505025,723.71,717.17,729.9,714.34,16731467,723.71,717.17,729.9,714.34,16731467,"Aug 13, 21",-5.080000000000041,-0.007
686.17,709.5,676.4,705.07,TSLA,23103303,HISTORICAL_PRICES,TSLA,,2021-08-16,1629163004000,-0.0597448511174754,-0.0597448511174754,705.07,686.17,709.5,676.4,23103303,705.07,686.17,709.5,676.4,23103303,"Aug 16, 21",-31,-0.0432
665.71,674.58,648.84,672.66,TSLA,23721279,HISTORICAL_PRICES,TSLA,,2021-08-17,1629250356000,-0.08778108171067589,-0.08778108171067589,672.66,665.71,674.58,648.84,23721279,672.66,665.71,674.58,648.84,23721279,"Aug 17, 21",-20.459999999999923,-0.0298
688.99,695.77,669.35,669.7479,TSLA,20349375,HISTORICAL_PRICES,TSLA,,2021-08-18,1629335186000,-0.05588061992134505,-0.05588061992134505,669.7479,688.99,695.77,669.35,20349375,669.7479,688.99,695.77,669.35,20349375,"Aug 18, 21",23.279999999999973,0.035
673.47,686.55,667.59,678.21,TSLA,14313486,HISTORICAL_PRICES,TSLA,,2021-08-19,1629421451000,-0.07714759444756561,-0.07714759444756561,678.21,673.47,686.55,667.59,14313486,678.21,673.47,686.55,667.59,14313486,"Aug 19, 21",-15.519999999999982,-0.0225
680.26,692.1299,673.7,682.85,TSLA,14841865,HISTORICAL_PRICES,TSLA,,2021-08-20,1629508595000,-0.06784329309234416,-0.06784329309234416,682.85,680.26,692.1299,673.7,14841865,682.85,680.26,692.1299,673.7,14841865,"Aug 20, 21",6.789999999999964,0.0101
706.3,712.1299,680.7505,685.442,TSLA,20264859,HISTORICAL_PRICES,TSLA,,2021-08-23,1629768753000,-0.032160817791907076,-0.032160817791907076,685.442,706.3,712.1299,680.7505,20264859,685.442,706.3,712.1299,680.7505,20264859,"Aug 23, 21",26.039999999999964,0.0383
708.49,715.22,702.64,710.68,TSLA,13083071,HISTORICAL_PRICES,TSLA,,2021-08-24,1629853236000,-0.029159872288529225,-0.029159872288529225,710.68,708.49,715.22,702.64,13083071,710.68,708.49,715.22,702.64,13083071,"Aug 24, 21",2.1900000000000546,0.0031
711.2,716.97,704,707.03,TSLA,12645562,HISTORICAL_PRICES,TSLA,,2021-08-25,1629940596000,-0.02544637351494298,-0.02544637351494298,707.03,711.2,716.97,704,12645562,707.03,711.2,716.97,704,12645562,"Aug 25, 21",2.7100000000000364,0.0038
